sample_id	chrom	start	end	cn_a	cn_b
taxon_1	chrom1	0	1	1	1
taxon_1	ecdna2	1	2	2	0
taxon_1	chrom1	2	3	1	0
taxon_1	ecdna1	0	1	32	0
taxon_1	chrom1	4	5	1	1
taxon_1	chrom1	5	6	1	1
taxon_1	chrom2	0	1	1	1
taxon_1	chrom2	1	2	1	1
taxon_1	chrom2	2	3	1	1
taxon_1	chrom2	3	4	1	1
taxon_1	chrom2	4	5	1	1
taxon_2	chrom1	0	1	1	1
taxon_2	ecdna2	1	2	2	0
taxon_2	chrom1	2	3	0	0
taxon_2	ecdna1	3	4	56	0
taxon_2	chrom1	4	5	1	0
taxon_2	chrom1	5	6	1	1
taxon_2	chrom2	0	1	1	1
taxon_2	chrom2	1	2	1	1
taxon_2	chrom2	2	3	1	1
taxon_2	chrom2	3	4	1	1
taxon_2	chrom2	4	5	1	1
taxon_3	chrom1	0	1	2	2
taxon_3	ecdna2	1	2	2	0
taxon_3	chrom1	2	3	0	0
taxon_3	ecdna1	3	4	34	0
taxon_3	chrom1	4	5	2	0
taxon_3	chrom1	5	6	2	2
taxon_3	chrom2	0	1	1	1
taxon_3	chrom2	1	2	1	1
taxon_3	chrom2	2	3	1	1
taxon_3	chrom2	3	4	1	1
taxon_3	chrom2	4	5	1	1
taxon_4	chrom1	0	1	1	1
taxon_4	ecdna2	1	2	2	1
taxon_4	chrom1	2	3	1	1
taxon_4	ecdna1	3	4	40	0
taxon_4	chrom1	4	5	1	1
taxon_4	chrom1	5	6	1	1
taxon_4	chrom2	0	1	1	1
taxon_4	chrom2	1	2	1	1
taxon_4	chrom2	2	3	1	1
taxon_4	chrom2	3	4	1	1
taxon_4	chrom2	4	5	1	1
taxon_5	chrom1	0	1	2	1
taxon_5	ecdna2	1	2	2	0
taxon_5	chrom1	2	3	1	0
taxon_5	ecdna1	3	4	36	0
taxon_5	chrom1	4	5	2	1
taxon_5	chrom1	5	6	2	1
taxon_5	chrom2	0	1	1	1
taxon_5	chrom2	1	2	1	1
taxon_5	chrom2	2	3	1	1
taxon_5	chrom2	3	4	1	1
taxon_5	chrom2	4	5	1	1