sample_id	chrom	start	end	allele	type	cn_child
internal_2	chr1	1.0	2.0	cn_a	gain	2
internal_2	chr1	1.0	2.0	cn_a	gain	3
internal_2	chr1	33.0	34.0	cn_a	gain	2
internal_2	chr6	5.0	7.0	cn_a	gain	2
internal_2	chr6	10.0	11.0	cn_a	gain	2
internal_2	chr6	18.0	19.0	cn_a	gain	2
internal_2	chr8	5.0	7.0	cn_a	gain	2
internal_2	chr9	0.0	5.0	cn_a	gain	2
internal_2	chr10	0.0	1.0	cn_a	gain	2
internal_2	chr10	10.0	11.0	cn_a	gain	2
internal_2	chr11	12.0	13.0	cn_a	gain	2
internal_2	chr12	20.0	21.0	cn_a	gain	2
internal_2	chr18	7.0	8.0	cn_a	gain	2
internal_2	chr19	1.0	5.0	cn_a	gain	2
internal_2	chr19	2.0	5.0	cn_a	gain	3
internal_2	chr19	15.0	25.0	cn_a	gain	3
internal_2	chr19	15.0	27.0	cn_a	gain	2
internal_2	chr19	28.0	34.0	cn_a	gain	3
internal_2	chr19	28.0	36.0	cn_a	gain	2
internal_2	chr20	6.0	7.0	cn_a	gain	2
internal_2	chr1	33.0	34.0	cn_b	loss	0
internal_2	chr3	37.0	44.0	cn_b	loss	0
internal_2	chr4	0.0	8.0	cn_b	loss	0
internal_2	chr5	8.0	17.0	cn_b	loss	0
internal_2	chr6	7.0	10.0	cn_b	gain	2
internal_2	chr6	18.0	19.0	cn_b	loss	0
internal_2	chr8	0.0	5.0	cn_b	loss	0
internal_2	chr9	0.0	14.0	cn_b	loss	0
internal_2	chr10	1.0	12.0	cn_b	gain	2
internal_2	chr10	10.0	11.0	cn_b	loss	0
internal_2	chr10	12.0	13.0	cn_b	loss	0
internal_2	chr10	14.0	24.0	cn_b	loss	0
internal_2	chr13	1.0	6.0	cn_b	loss	0
internal_2	chr14	0.0	5.0	cn_b	loss	0
internal_2	chr14	6.0	7.0	cn_b	loss	0
internal_2	chr16	0.0	7.0	cn_b	loss	0
internal_2	chr17	0.0	6.0	cn_b	loss	0
internal_2	chr19	0.0	1.0	cn_b	loss	0
internal_2	chr19	5.0	15.0	cn_b	loss	0
internal_2	chr19	36.0	38.0	cn_b	loss	0
internal_2	chr20	6.0	7.0	cn_b	loss	0
internal_2	chr22	0.0	1.0	cn_b	loss	0
internal_6	chr0	0.0	46.0	both	wgd	0.0
internal_6	chr1	32.0	46.0	cn_a	loss	1
internal_6	chr2	9.0	10.0	cn_a	loss	1
internal_6	chr3	2.0	3.0	cn_a	gain	3
internal_6	chr3	29.0	30.0	cn_a	gain	3
internal_6	chr5	0.0	8.0	cn_a	gain	3
internal_6	chr5	6.0	8.0	cn_a	gain	4
internal_6	chr6	0.0	1.0	cn_a	loss	1
internal_6	chr6	18.0	19.0	cn_a	gain	4
internal_6	chr7	4.0	5.0	cn_a	gain	3
internal_6	chr10	13.0	14.0	cn_a	loss	1
internal_6	chr15	1.0	5.0	cn_a	loss	1
internal_6	chr17	1.0	2.0	cn_a	loss	1
internal_6	chr1	0.0	46.0	cn_b	loss	1
internal_6	chr2	0.0	23.0	cn_b	loss	1
internal_6	chr3	0.0	3.0	cn_b	loss	1
internal_6	chr3	29.0	30.0	cn_b	loss	1
internal_6	chr5	6.0	8.0	cn_b	loss	1
internal_6	chr6	0.0	11.0	cn_b	loss	1
internal_6	chr7	0.0	5.0	cn_b	loss	1
internal_6	chr8	25.0	27.0	cn_b	loss	1
internal_6	chr10	0.0	14.0	cn_b	loss	1
internal_6	chr11	0.0	27.0	cn_b	loss	1
internal_6	chr12	20.0	22.0	cn_b	loss	1
internal_6	chr14	5.0	6.0	cn_b	loss	1
internal_6	chr15	0.0	5.0	cn_b	loss	1
internal_6	chr18	0.0	10.0	cn_b	loss	1
internal_6	chr19	1.0	2.0	cn_b	loss	1
internal_6	chr19	15.0	36.0	cn_b	loss	1
internal_6	chr20	0.0	10.0	cn_b	loss	1
internal_6	chr21	0.0	4.0	cn_b	loss	1
internal_1	chr1	14.0	15.0	cn_a	gain	2
internal_1	chr3	30.0	44.0	cn_a	gain	2
internal_1	chr4	2.0	4.0	cn_a	gain	2
internal_1	chr8	0.0	5.0	cn_a	gain	2
internal_1	chr9	8.0	9.0	cn_a	gain	2
internal_1	chr9	11.0	14.0	cn_a	gain	2
internal_1	chr10	18.0	24.0	cn_a	gain	2
internal_1	chr14	5.0	6.0	cn_a	gain	2
internal_1	chr19	19.0	36.0	cn_a	gain	4
internal_1	chr3	36.0	37.0	cn_b	gain	2
internal_1	chr6	5.0	10.0	cn_b	loss	0
internal_1	chr10	0.0	14.0	cn_b	loss	0
internal_1	chr11	12.0	13.0	cn_b	loss	0
internal_1	chr14	5.0	6.0	cn_b	loss	0
internal_1	chr15	0.0	5.0	cn_b	loss	0
internal_1	chr18	7.0	9.0	cn_b	loss	0
internal_7	chr1	31.0	46.0	cn_a	gain	3
internal_7	chr3	13.0	14.0	cn_a	gain	3
internal_7	chr3	16.0	17.0	cn_a	gain	3
internal_7	chr3	20.0	22.0	cn_a	gain	3
internal_7	chr3	20.0	22.0	cn_a	gain	4
internal_7	chr3	29.0	44.0	cn_a	gain	4
internal_7	chr8	0.0	4.0	cn_a	gain	3
internal_7	chr11	0.0	2.0	cn_a	loss	1
internal_7	chr11	6.0	7.0	cn_a	gain	3
internal_7	chr13	7.0	8.0	cn_a	gain	3
internal_7	chr17	3.0	4.0	cn_a	gain	3
internal_7	chr18	8.0	10.0	cn_a	loss	1
internal_7	chr19	34.0	36.0	cn_a	gain	4
internal_7	chr3	14.0	16.0	cn_b	gain	3
internal_7	chr3	17.0	20.0	cn_b	gain	3
internal_7	chr13	7.0	8.0	cn_b	loss	1
internal_3	chr2	22.0	23.0	cn_a	loss	1
internal_3	chr6	10.0	11.0	cn_a	gain	4
internal_3	chr7	4.0	5.0	cn_a	gain	4
internal_3	chr11	22.0	23.0	cn_a	gain	3
internal_3	chr14	1.0	7.0	cn_a	gain	3
internal_3	chr15	0.0	1.0	cn_a	loss	1
internal_3	chr17	1.0	2.0	cn_a	loss	0
internal_3	chr17	4.0	6.0	cn_a	gain	3
internal_3	chr2	9.0	10.0	cn_b	loss	0
internal_3	chr3	4.0	7.0	cn_b	loss	1
internal_3	chr5	0.0	1.0	cn_b	loss	1
internal_3	chr5	6.0	8.0	cn_b	loss	0
internal_3	chr6	3.0	4.0	cn_b	gain	2
internal_3	chr6	7.0	11.0	cn_b	loss	0
internal_3	chr7	4.0	5.0	cn_b	loss	0
internal_3	chr7	10.0	23.0	cn_b	loss	1
internal_3	chr10	0.0	14.0	cn_b	loss	0
internal_3	chr12	14.0	21.0	cn_b	loss	0
internal_3	chr13	6.0	9.0	cn_b	loss	1
internal_3	chr14	5.0	6.0	cn_b	loss	0
internal_3	chr18	7.0	10.0	cn_b	loss	0
internal_3	chr19	18.0	19.0	cn_b	loss	0
internal_3	chr19	27.0	28.0	cn_b	gain	2
internal_3	chr21	1.0	4.0	cn_b	loss	0
internal_11	chr1	24.0	25.0	cn_a	gain	3
internal_11	chr1	24.0	25.0	cn_a	gain	4
internal_11	chr2	0.0	6.0	cn_a	gain	3
internal_11	chr3	2.0	3.0	cn_a	gain	4
internal_11	chr3	43.0	44.0	cn_a	gain	4
internal_11	chr9	0.0	14.0	cn_a	gain	4
internal_11	chr13	7.0	8.0	cn_a	gain	4
internal_11	chr17	1.0	2.0	cn_a	loss	0
internal_11	chr19	24.0	27.0	cn_a	loss	3
internal_11	chr1	24.0	25.0	cn_b	loss	0
internal_11	chr3	0.0	2.0	cn_b	gain	2
internal_11	chr3	2.0	3.0	cn_b	loss	0
internal_11	chr3	16.0	17.0	cn_b	loss	1
internal_11	chr8	25.0	27.0	cn_b	gain	2
internal_11	chr18	7.0	8.0	cn_b	loss	0
internal_11	chr19	21.0	27.0	cn_b	gain	2
internal_5	chr5	4.0	8.0	cn_a	loss	2
internal_5	chr6	1.0	3.0	cn_a	loss	1
internal_5	chr6	18.0	19.0	cn_a	loss	3
internal_5	chr9	12.0	13.0	cn_a	gain	3
internal_5	chr17	1.0	2.0	cn_a	gain	2
internal_5	chr18	7.0	8.0	cn_a	loss	2
internal_5	chr21	3.0	4.0	cn_a	loss	1
internal_5	chr3	17.0	30.0	cn_b	loss	0
internal_5	chr5	6.0	8.0	cn_b	loss	0
internal_5	chr6	5.0	10.0	cn_b	loss	0
internal_5	chr7	4.0	23.0	cn_b	loss	0
internal_5	chr10	0.0	14.0	cn_b	loss	0
internal_5	chr11	6.0	7.0	cn_b	loss	0
internal_5	chr12	0.0	21.0	cn_b	loss	0
internal_5	chr13	0.0	1.0	cn_b	loss	1
internal_5	chr13	7.0	9.0	cn_b	loss	0
internal_12	chr1	31.0	32.0	cn_a	gain	4
internal_12	chr3	14.0	16.0	cn_a	loss	1
internal_12	chr3	17.0	22.0	cn_a	loss	1
internal_12	chr8	0.0	4.0	cn_a	loss	2
internal_12	chr11	0.0	2.0	cn_a	gain	2
internal_12	chr11	6.0	7.0	cn_a	gain	4
internal_12	chr14	5.0	6.0	cn_a	gain	3
internal_12	chr17	3.0	4.0	cn_a	loss	2
internal_12	chr11	3.0	8.0	cn_b	gain	2
internal_12	chr11	6.0	7.0	cn_b	loss	0
internal_12	chr12	0.0	5.0	cn_b	loss	1
internal_12	chr19	17.0	21.0	cn_b	gain	2
OV03-04_Om_S05	chr2	3.0	5.0	cn_a	loss	2
OV03-04_Om_S05	chr2	12.0	23.0	cn_a	loss	1
OV03-04_Om_S05	chr3	13.0	14.0	cn_a	loss	2
OV03-04_Om_S05	chr5	0.0	1.0	cn_a	loss	2
OV03-04_Om_S05	chr8	1.0	2.0	cn_a	loss	2
OV03-04_Om_S05	chr9	1.0	2.0	cn_a	loss	3
OV03-04_Om_S05	chr9	4.0	8.0	cn_a	loss	3
OV03-04_Om_S05	chr9	9.0	11.0	cn_a	loss	2
OV03-04_Om_S05	chr10	0.0	1.0	cn_a	loss	2
OV03-04_Om_S05	chr10	13.0	14.0	cn_a	gain	2
OV03-04_Om_S05	chr10	18.0	24.0	cn_a	gain	3
OV03-04_Om_S05	chr11	6.0	7.0	cn_a	loss	2
OV03-04_Om_S05	chr19	23.0	24.0	cn_a	loss	3
OV03-04_Om_S05	chr20	0.0	2.0	cn_a	loss	1
OV03-04_Om_S05	chr1	11.0	26.0	cn_b	gain	2
OV03-04_Om_S05	chr1	28.0	31.0	cn_b	gain	2
OV03-04_Om_S05	chr1	31.0	32.0	cn_b	loss	1
OV03-04_Om_S05	chr1	34.0	35.0	cn_b	gain	2
OV03-04_Om_S05	chr1	36.0	44.0	cn_b	gain	2
OV03-04_Om_S05	chr3	4.0	7.0	cn_b	loss	1
OV03-04_Om_S05	chr3	10.0	22.0	cn_b	loss	1
OV03-04_Om_S05	chr3	14.0	15.0	cn_b	loss	1
OV03-04_Om_S05	chr3	20.0	22.0	cn_b	loss	0
OV03-04_Om_S05	chr3	29.0	30.0	cn_b	loss	1
OV03-04_Om_S05	chr3	36.0	37.0	cn_b	gain	3
OV03-04_Om_S05	chr5	0.0	8.0	cn_b	loss	1
OV03-04_Om_S05	chr6	5.0	18.0	cn_b	loss	1
OV03-04_Om_S05	chr7	4.0	16.0	cn_b	loss	1
OV03-04_Om_S05	chr7	17.0	18.0	cn_b	loss	1
OV03-04_Om_S05	chr7	19.0	21.0	cn_b	loss	1
OV03-04_Om_S05	chr7	22.0	23.0	cn_b	loss	1
OV03-04_Om_S05	chr10	1.0	14.0	cn_b	loss	1
OV03-04_Om_S05	chr11	12.0	13.0	cn_b	loss	1
OV03-04_Om_S05	chr12	1.0	3.0	cn_b	loss	1
OV03-04_Om_S05	chr12	20.0	21.0	cn_b	loss	1
OV03-04_Om_S05	chr13	7.0	8.0	cn_b	loss	1
OV03-04_Om_S05	chr14	5.0	6.0	cn_b	loss	1
OV03-04_Om_S05	chr15	0.0	1.0	cn_b	loss	1
OV03-04_Om_S05	chr19	18.0	19.0	cn_b	loss	1
OV03-04_Om_S05	chr19	19.0	20.0	cn_b	gain	2
internal_13	chr6	5.0	7.0	cn_a	loss	2
internal_13	chr8	5.0	7.0	cn_a	gain	4
internal_13	chr12	20.0	21.0	cn_a	loss	2
internal_13	chr17	0.0	6.0	cn_a	gain	3
internal_13	chr19	34.0	36.0	cn_a	loss	3
internal_13	chr1	7.0	44.0	cn_b	gain	2
internal_13	chr1	31.0	32.0	cn_b	loss	0
internal_13	chr2	10.0	18.0	cn_b	gain	2
internal_13	chr3	36.0	37.0	cn_b	gain	3
internal_13	chr5	1.0	6.0	cn_b	gain	3
internal_13	chr6	7.0	10.0	cn_b	loss	1
internal_13	chr6	11.0	16.0	cn_b	loss	1
internal_13	chr10	1.0	14.0	cn_b	loss	0
internal_13	chr18	0.0	4.0	cn_b	gain	2
internal_13	chr19	25.0	27.0	cn_b	loss	1
internal_13	chr19	30.0	36.0	cn_b	gain	2
internal_10	chr3	13.0	43.0	cn_a	gain	4
internal_10	chr6	0.0	2.0	cn_a	gain	2
internal_10	chr6	1.0	2.0	cn_a	gain	4
internal_10	chr6	5.0	7.0	cn_a	gain	4
internal_10	chr6	10.0	11.0	cn_a	gain	4
internal_10	chr9	5.0	11.0	cn_a	loss	2
internal_10	chr10	0.0	11.0	cn_a	gain	4
internal_10	chr11	9.0	10.0	cn_a	gain	3
internal_10	chr11	9.0	10.0	cn_a	gain	4
internal_10	chr12	20.0	21.0	cn_a	gain	4
internal_10	chr15	1.0	3.0	cn_a	gain	2
internal_10	chr18	8.0	10.0	cn_a	gain	2
internal_10	chr19	19.0	28.0	cn_a	gain	5
internal_10	chr19	25.0	27.0	cn_a	gain	4
internal_10	chr20	6.0	7.0	cn_a	gain	4
internal_10	chr2	0.0	7.0	cn_b	gain	2
internal_10	chr3	4.0	22.0	cn_b	loss	1
internal_10	chr3	13.0	20.0	cn_b	loss	0
internal_10	chr5	7.0	8.0	cn_b	loss	1
internal_10	chr6	2.0	5.0	cn_b	gain	2
internal_10	chr7	5.0	23.0	cn_b	loss	1
internal_10	chr10	0.0	1.0	cn_b	loss	1
internal_10	chr11	8.0	9.0	cn_b	gain	2
internal_10	chr11	10.0	12.0	cn_b	gain	2
internal_10	chr12	0.0	5.0	cn_b	gain	2
internal_10	chr12	20.0	21.0	cn_b	loss	1
internal_10	chr12	21.0	22.0	cn_b	gain	2
internal_10	chr13	7.0	8.0	cn_b	loss	1
internal_10	chr14	5.0	6.0	cn_b	loss	1
internal_10	chr20	0.0	10.0	cn_b	gain	2
internal_17	chr1	33.0	34.0	cn_a	gain	4
internal_17	chr2	9.0	10.0	cn_a	gain	2
internal_17	chr3	13.0	20.0	cn_a	gain	4
internal_17	chr3	20.0	22.0	cn_a	loss	2
internal_17	chr6	10.0	11.0	cn_a	loss	2
internal_17	chr10	1.0	13.0	cn_a	gain	3
internal_17	chr10	14.0	24.0	cn_a	gain	3
internal_17	chr21	0.0	1.0	cn_a	gain	3
internal_17	chr3	13.0	14.0	cn_b	loss	1
internal_17	chr3	20.0	29.0	cn_b	gain	3
internal_17	chr19	18.0	19.0	cn_b	loss	0
internal_17	chr19	18.0	19.0	cn_b	loss	1
OV03-04_Om_S15	chr2	22.0	23.0	cn_a	loss	1
OV03-04_Om_S15	chr3	13.0	14.0	cn_a	loss	2
OV03-04_Om_S15	chr3	14.0	22.0	cn_a	gain	2
OV03-04_Om_S15	chr10	10.0	11.0	cn_a	gain	4
OV03-04_Om_S15	chr10	13.0	14.0	cn_a	gain	2
OV03-04_Om_S15	chr10	17.0	21.0	cn_a	gain	3
OV03-04_Om_S15	chr11	12.0	13.0	cn_a	loss	2
OV03-04_Om_S15	chr2	10.0	22.0	cn_b	loss	1
OV03-04_Om_S15	chr3	11.0	22.0	cn_b	loss	1
OV03-04_Om_S15	chr3	14.0	15.0	cn_b	loss	1
OV03-04_Om_S15	chr3	20.0	22.0	cn_b	loss	0
OV03-04_Om_S15	chr3	29.0	30.0	cn_b	loss	1
OV03-04_Om_S15	chr5	0.0	8.0	cn_b	loss	1
OV03-04_Om_S15	chr6	10.0	11.0	cn_b	loss	1
OV03-04_Om_S15	chr7	4.0	16.0	cn_b	loss	1
OV03-04_Om_S15	chr7	17.0	18.0	cn_b	loss	1
OV03-04_Om_S15	chr10	0.0	1.0	cn_b	loss	1
OV03-04_Om_S15	chr11	0.0	3.0	cn_b	loss	1
OV03-04_Om_S15	chr12	3.0	4.0	cn_b	gain	2
OV03-04_Om_S15	chr12	13.0	20.0	cn_b	loss	1
OV03-04_Om_S15	chr13	7.0	8.0	cn_b	loss	1
OV03-04_Om_S15	chr14	5.0	6.0	cn_b	loss	1
OV03-04_Om_S03	chr3	0.0	2.0	cn_a	gain	3
OV03-04_Om_S03	chr3	3.0	4.0	cn_a	gain	3
OV03-04_Om_S03	chr3	7.0	10.0	cn_a	gain	3
OV03-04_Om_S03	chr3	30.0	43.0	cn_a	gain	4
OV03-04_Om_S03	chr5	0.0	6.0	cn_a	gain	4
OV03-04_Om_S03	chr6	19.0	20.0	cn_a	gain	3
OV03-04_Om_S03	chr8	7.0	9.0	cn_a	gain	3
OV03-04_Om_S03	chr8	10.0	23.0	cn_a	gain	3
OV03-04_Om_S03	chr13	0.0	1.0	cn_a	gain	3
OV03-04_Om_S03	chr18	4.0	8.0	cn_a	gain	3
OV03-04_Om_S03	chr21	3.0	4.0	cn_a	gain	3
OV03-04_Om_S03	chr2	9.0	22.0	cn_b	loss	0
OV03-04_Om_S03	chr3	13.0	30.0	cn_b	loss	0
OV03-04_Om_S03	chr5	1.0	8.0	cn_b	loss	0
OV03-04_Om_S03	chr7	4.0	15.0	cn_b	loss	0
OV03-04_Om_S03	chr10	0.0	1.0	cn_b	loss	0
OV03-04_Om_S03	chr11	0.0	3.0	cn_b	loss	0
OV03-04_Om_S03	chr11	8.0	11.0	cn_b	gain	2
OV03-04_Om_S03	chr11	12.0	13.0	cn_b	loss	0
OV03-04_Om_S03	chr12	8.0	20.0	cn_b	loss	1
OV03-04_Om_S03	chr13	7.0	8.0	cn_b	loss	0
OV03-04_Om_S03	chr14	5.0	6.0	cn_b	loss	0
OV03-04_Om_S03	chr19	15.0	16.0	cn_b	gain	2
OV03-04_Om_S03	chr19	16.0	17.0	cn_b	loss	0
OV03-04_Om_S03	chr19	25.0	28.0	cn_b	loss	0
internal_16	chr6	0.0	1.0	cn_a	gain	2
internal_16	chr12	20.0	21.0	cn_a	gain	3
internal_16	chr16	1.0	3.0	cn_a	gain	3
internal_16	chr18	7.0	10.0	cn_a	gain	4
internal_16	chr1	44.0	45.0	cn_b	gain	2
internal_16	chr5	0.0	3.0	cn_b	loss	1
internal_16	chr12	2.0	5.0	cn_b	gain	2
internal_16	chr12	20.0	21.0	cn_b	loss	0
internal_16	chr12	21.0	22.0	cn_b	gain	2
internal_16	chr18	4.0	7.0	cn_b	gain	2
OV03-04_Om_S02	chr2	9.0	10.0	cn_a	loss	1
OV03-04_Om_S02	chr8	2.0	3.0	cn_a	gain	3
OV03-04_Om_S02	chr10	1.0	10.0	cn_a	loss	2
OV03-04_Om_S02	chr10	11.0	13.0	cn_a	loss	2
OV03-04_Om_S02	chr10	13.0	14.0	cn_a	gain	2
OV03-04_Om_S02	chr10	14.0	16.0	cn_a	loss	2
OV03-04_Om_S02	chr19	23.0	24.0	cn_a	loss	3
OV03-04_Om_S02	chr2	10.0	21.0	cn_b	loss	0
OV03-04_Om_S02	chr3	12.0	30.0	cn_b	loss	0
OV03-04_Om_S02	chr5	2.0	8.0	cn_b	loss	0
OV03-04_Om_S02	chr7	4.0	15.0	cn_b	loss	0
OV03-04_Om_S02	chr10	0.0	1.0	cn_b	loss	0
OV03-04_Om_S02	chr11	12.0	13.0	cn_b	loss	0
OV03-04_Om_S02	chr13	7.0	8.0	cn_b	loss	0
OV03-04_Om_S02	chr19	15.0	16.0	cn_b	gain	2
OV03-04_Om_S02	chr19	30.0	31.0	cn_b	loss	1
internal_15	chr11	12.0	13.0	cn_a	loss	2
internal_15	chr12	20.0	21.0	cn_a	gain	4
internal_15	chr14	5.0	6.0	cn_a	loss	2
internal_15	chr19	34.0	36.0	cn_a	gain	4
internal_15	chr21	0.0	1.0	cn_a	loss	2
internal_15	chr1	45.0	46.0	cn_b	gain	2
internal_15	chr2	6.0	7.0	cn_b	gain	2
internal_15	chr5	1.0	6.0	cn_b	loss	1
internal_15	chr12	0.0	2.0	cn_b	gain	2
OV03-04_Om_S07	chr2	22.0	23.0	cn_a	loss	1
OV03-04_Om_S07	chr5	6.0	8.0	cn_a	loss	3
OV03-04_Om_S07	chr6	0.0	1.0	cn_a	loss	1
OV03-04_Om_S07	chr8	0.0	4.0	cn_a	gain	3
OV03-04_Om_S07	chr10	0.0	5.0	cn_a	loss	2
OV03-04_Om_S07	chr10	10.0	13.0	cn_a	loss	3
OV03-04_Om_S07	chr10	15.0	16.0	cn_a	loss	2
OV03-04_Om_S07	chr13	1.0	2.0	cn_a	gain	3
OV03-04_Om_S07	chr13	7.0	8.0	cn_a	loss	2
OV03-04_Om_S07	chr13	7.0	8.0	cn_a	loss	3
OV03-04_Om_S07	chr18	4.0	5.0	cn_a	gain	3
OV03-04_Om_S07	chr18	7.0	10.0	cn_a	loss	3
OV03-04_Om_S07	chr20	7.0	8.0	cn_a	loss	1
OV03-04_Om_S07	chr2	9.0	18.0	cn_b	loss	0
OV03-04_Om_S07	chr3	11.0	30.0	cn_b	loss	0
OV03-04_Om_S07	chr7	4.0	16.0	cn_b	loss	0
OV03-04_Om_S07	chr13	8.0	9.0	cn_b	loss	1
OV03-04_Om_S07	chr14	5.0	6.0	cn_b	loss	0
OV03-04_Om_S07	chr15	0.0	1.0	cn_b	loss	0
OV03-04_Om_S07	chr18	4.0	7.0	cn_b	loss	1
OV03-04_Om_S07	chr19	34.0	36.0	cn_b	loss	1
internal_14	chr3	29.0	30.0	cn_a	loss	2
internal_14	chr3	29.0	30.0	cn_a	loss	3
internal_14	chr3	37.0	43.0	cn_a	gain	4
internal_14	chr21	3.0	4.0	cn_a	gain	3
internal_14	chr3	17.0	29.0	cn_b	loss	2
internal_14	chr3	29.0	30.0	cn_b	gain	2
internal_14	chr5	6.0	8.0	cn_b	loss	0
internal_14	chr7	5.0	15.0	cn_b	loss	1
internal_14	chr11	0.0	3.0	cn_b	loss	0
internal_14	chr13	7.0	8.0	cn_b	loss	0
internal_14	chr19	16.0	17.0	cn_b	loss	0
OV03-04_Om_S06	chr2	1.0	3.0	cn_a	gain	4
OV03-04_Om_S06	chr3	8.0	10.0	cn_a	gain	3
OV03-04_Om_S06	chr3	16.0	17.0	cn_a	loss	2
OV03-04_Om_S06	chr3	16.0	17.0	cn_a	loss	3
OV03-04_Om_S06	chr3	30.0	37.0	cn_a	gain	4
OV03-04_Om_S06	chr4	2.0	5.0	cn_a	gain	3
OV03-04_Om_S06	chr5	1.0	3.0	cn_a	gain	4
OV03-04_Om_S06	chr7	4.0	5.0	cn_a	gain	4
OV03-04_Om_S06	chr8	0.0	5.0	cn_a	gain	3
OV03-04_Om_S06	chr8	9.0	20.0	cn_a	gain	3
OV03-04_Om_S06	chr14	5.0	7.0	cn_a	gain	3
OV03-04_Om_S06	chr15	1.0	3.0	cn_a	gain	2
OV03-04_Om_S06	chr18	0.0	1.0	cn_a	gain	3
OV03-04_Om_S06	chr1	0.0	1.0	cn_b	gain	2
OV03-04_Om_S06	chr1	2.0	5.0	cn_b	gain	2
OV03-04_Om_S06	chr2	10.0	19.0	cn_b	loss	0
OV03-04_Om_S06	chr3	13.0	16.0	cn_b	loss	0
OV03-04_Om_S06	chr3	16.0	17.0	cn_b	gain	2
OV03-04_Om_S06	chr6	15.0	16.0	cn_b	gain	2
OV03-04_Om_S06	chr7	3.0	7.0	cn_b	gain	2
OV03-04_Om_S06	chr7	4.0	5.0	cn_b	loss	0
OV03-04_Om_S06	chr11	8.0	10.0	cn_b	gain	2
OV03-04_Om_S06	chr14	5.0	6.0	cn_b	loss	0
OV03-04_Om_S06	chr19	15.0	16.0	cn_b	gain	2
OV03-04_Om_S06	chr19	30.0	31.0	cn_b	loss	1
OV03-04_Om_S06	chr21	0.0	2.0	cn_b	gain	2
OV03-04_Om_S09	chr6	5.0	7.0	cn_a	gain	3
OV03-04_Om_S09	chr7	4.0	5.0	cn_a	loss	2
OV03-04_Om_S09	chr8	2.0	3.0	cn_a	gain	3
OV03-04_Om_S09	chr8	15.0	16.0	cn_a	gain	3
OV03-04_Om_S09	chr10	0.0	2.0	cn_a	loss	2
OV03-04_Om_S09	chr11	9.0	10.0	cn_a	gain	3
OV03-04_Om_S09	chr11	9.0	10.0	cn_a	gain	4
OV03-04_Om_S09	chr11	12.0	13.0	cn_a	gain	3
OV03-04_Om_S09	chr16	0.0	1.0	cn_a	gain	3
OV03-04_Om_S09	chr19	24.0	25.0	cn_a	gain	4
OV03-04_Om_S09	chr19	34.0	36.0	cn_a	loss	3
OV03-04_Om_S09	chr2	6.0	7.0	cn_b	loss	1
OV03-04_Om_S09	chr2	9.0	22.0	cn_b	loss	0
OV03-04_Om_S09	chr3	12.0	17.0	cn_b	loss	0
OV03-04_Om_S09	chr6	5.0	7.0	cn_b	loss	0
OV03-04_Om_S09	chr11	8.0	11.0	cn_b	gain	2
OV03-04_Om_S09	chr11	9.0	10.0	cn_b	loss	0
OV03-04_Om_S09	chr11	12.0	13.0	cn_b	loss	0
OV03-04_Bl_B03	chr1	31.0	32.0	cn_a	loss	2
OV03-04_Bl_B03	chr1	31.0	32.0	cn_a	loss	3
OV03-04_Bl_B03	chr2	14.0	15.0	cn_a	gain	3
OV03-04_Bl_B03	chr2	14.0	15.0	cn_a	gain	4
OV03-04_Bl_B03	chr3	20.0	22.0	cn_a	loss	2
OV03-04_Bl_B03	chr3	20.0	25.0	cn_a	loss	3
OV03-04_Bl_B03	chr3	29.0	36.0	cn_a	loss	4
OV03-04_Bl_B03	chr5	13.0	14.0	cn_a	gain	3
OV03-04_Bl_B03	chr7	4.0	5.0	cn_a	loss	2
OV03-04_Bl_B03	chr8	15.0	24.0	cn_a	gain	3
OV03-04_Bl_B03	chr10	2.0	4.0	cn_a	loss	2
OV03-04_Bl_B03	chr10	6.0	8.0	cn_a	loss	2
OV03-04_Bl_B03	chr10	12.0	13.0	cn_a	gain	3
OV03-04_Bl_B03	chr10	14.0	24.0	cn_a	gain	3
OV03-04_Bl_B03	chr11	3.0	6.0	cn_a	gain	3
OV03-04_Bl_B03	chr11	7.0	8.0	cn_a	gain	3
OV03-04_Bl_B03	chr12	5.0	8.0	cn_a	gain	3
OV03-04_Bl_B03	chr12	19.0	20.0	cn_a	gain	3
OV03-04_Bl_B03	chr14	4.0	7.0	cn_a	loss	1
OV03-04_Bl_B03	chr19	18.0	19.0	cn_a	loss	2
OV03-04_Bl_B03	chr19	18.0	28.0	cn_a	loss	3
OV03-04_Bl_B03	chr1	0.0	5.0	cn_b	loss	0
OV03-04_Bl_B03	chr2	14.0	15.0	cn_b	loss	0
OV03-04_Bl_B03	chr2	15.0	17.0	cn_b	gain	2
OV03-04_Bl_B03	chr2	18.0	19.0	cn_b	gain	2
OV03-04_Bl_B03	chr2	20.0	21.0	cn_b	gain	2
OV03-04_Bl_B03	chr3	5.0	22.0	cn_b	gain	2
OV03-04_Bl_B03	chr3	29.0	30.0	cn_b	loss	0
OV03-04_Bl_B03	chr3	30.0	37.0	cn_b	gain	3
OV03-04_Bl_B03	chr5	6.0	7.0	cn_b	loss	0
OV03-04_Bl_B03	chr6	1.0	2.0	cn_b	loss	0
OV03-04_Bl_B03	chr6	5.0	7.0	cn_b	loss	0
OV03-04_Bl_B03	chr6	10.0	11.0	cn_b	loss	0
OV03-04_Bl_B03	chr6	19.0	20.0	cn_b	loss	1
OV03-04_Bl_B03	chr11	0.0	3.0	cn_b	loss	0
OV03-04_Bl_B03	chr11	9.0	10.0	cn_b	loss	0
OV03-04_Bl_B03	chr11	12.0	13.0	cn_b	loss	0
OV03-04_Bl_B03	chr15	1.0	2.0	cn_b	gain	2
OV03-04_Bl_B03	chr19	16.0	17.0	cn_b	loss	0
OV03-04_Bl_B03	chr19	31.0	34.0	cn_b	gain	2
OV03-04_Bl_B03	chr21	0.0	4.0	cn_b	gain	2
internal_9	chr1	33.0	34.0	cn_a	gain	4
internal_9	chr2	0.0	6.0	cn_a	loss	2
internal_9	chr3	22.0	30.0	cn_a	loss	2
internal_9	chr3	37.0	44.0	cn_a	loss	2
internal_9	chr3	37.0	44.0	cn_a	loss	3
internal_9	chr7	4.0	5.0	cn_a	gain	4
internal_9	chr10	1.0	10.0	cn_a	loss	2
internal_9	chr14	5.0	6.0	cn_a	loss	2
internal_9	chr15	3.0	5.0	cn_a	gain	2
internal_9	chr17	3.0	4.0	cn_a	gain	3
internal_9	chr19	1.0	2.0	cn_a	gain	4
internal_9	chr1	7.0	46.0	cn_b	gain	2
internal_9	chr1	31.0	32.0	cn_b	loss	0
internal_9	chr2	7.0	9.0	cn_b	gain	2
internal_9	chr6	17.0	18.0	cn_b	loss	1
internal_9	chr7	0.0	23.0	cn_b	gain	2
internal_9	chr7	4.0	5.0	cn_b	loss	0
internal_9	chr8	25.0	27.0	cn_b	loss	1
internal_9	chr10	13.0	14.0	cn_b	loss	0
internal_9	chr11	0.0	3.0	cn_b	gain	2
OV03-04_VV_B01	chr1	42.0	43.0	cn_a	gain	3
OV03-04_VV_B01	chr2	9.0	10.0	cn_a	gain	2
OV03-04_VV_B01	chr3	29.0	30.0	cn_a	loss	2
OV03-04_VV_B01	chr3	29.0	30.0	cn_a	loss	3
OV03-04_VV_B01	chr5	1.0	6.0	cn_a	gain	4
OV03-04_VV_B01	chr6	7.0	8.0	cn_a	gain	3
OV03-04_VV_B01	chr8	6.0	7.0	cn_a	gain	4
OV03-04_VV_B01	chr9	5.0	11.0	cn_a	gain	3
OV03-04_VV_B01	chr19	19.0	27.0	cn_a	loss	4
OV03-04_VV_B01	chr1	4.0	7.0	cn_b	gain	2
OV03-04_VV_B01	chr2	9.0	10.0	cn_b	loss	1
OV03-04_VV_B01	chr2	10.0	11.0	cn_b	gain	2
OV03-04_VV_B01	chr3	7.0	20.0	cn_b	gain	2
OV03-04_VV_B01	chr3	20.0	22.0	cn_b	loss	1
OV03-04_VV_B01	chr3	29.0	30.0	cn_b	gain	2
OV03-04_VV_B01	chr5	6.0	7.0	cn_b	loss	1
OV03-04_VV_B01	chr6	1.0	2.0	cn_b	loss	1
OV03-04_VV_B01	chr6	5.0	7.0	cn_b	loss	1
OV03-04_VV_B01	chr6	10.0	11.0	cn_b	loss	1
OV03-04_VV_B01	chr6	17.0	18.0	cn_b	gain	2
OV03-04_VV_B01	chr11	9.0	10.0	cn_b	loss	1
OV03-04_VV_B01	chr11	12.0	13.0	cn_b	loss	1
OV03-04_VV_B01	chr11	13.0	27.0	cn_b	gain	2
OV03-04_VV_B01	chr19	18.0	19.0	cn_b	loss	0
OV03-04_VV_B01	chr19	18.0	19.0	cn_b	loss	1
OV03-04_VV_B01	chr19	28.0	29.0	cn_b	gain	2
internal_8	chr4	1.0	5.0	cn_a	gain	3
internal_8	chr6	1.0	2.0	cn_a	loss	3
internal_8	chr8	0.0	27.0	cn_a	gain	3
internal_8	chr11	12.0	13.0	cn_a	loss	2
internal_8	chr15	0.0	5.0	cn_a	loss	1
internal_8	chr20	6.0	7.0	cn_a	loss	3
internal_8	chr21	3.0	4.0	cn_a	loss	1
internal_8	chr3	29.0	30.0	cn_b	loss	0
internal_8	chr8	17.0	25.0	cn_b	loss	1
internal_8	chr11	10.0	12.0	cn_b	loss	1
internal_8	chr19	27.0	28.0	cn_b	gain	2
internal_8	chr20	7.0	10.0	cn_b	loss	1
OV03-04_Bl_B01	chr3	30.0	37.0	cn_a	loss	3
OV03-04_Bl_B01	chr4	0.0	1.0	cn_a	gain	3
OV03-04_Bl_B01	chr5	0.0	6.0	cn_a	loss	2
OV03-04_Bl_B01	chr6	0.0	2.0	cn_a	loss	1
OV03-04_Bl_B01	chr6	1.0	2.0	cn_a	loss	1
OV03-04_Bl_B01	chr6	5.0	7.0	cn_a	loss	2
OV03-04_Bl_B01	chr6	5.0	7.0	cn_a	loss	3
OV03-04_Bl_B01	chr6	10.0	11.0	cn_a	loss	2
OV03-04_Bl_B01	chr6	10.0	11.0	cn_a	loss	3
OV03-04_Bl_B01	chr6	18.0	19.0	cn_a	loss	3
OV03-04_Bl_B01	chr8	5.0	15.0	cn_a	loss	3
OV03-04_Bl_B01	chr10	0.0	1.0	cn_a	loss	3
OV03-04_Bl_B01	chr19	1.0	2.0	cn_a	loss	3
OV03-04_Bl_B01	chr19	17.0	28.0	cn_a	loss	3
OV03-04_Bl_B01	chr1	45.0	46.0	cn_b	loss	1
OV03-04_Bl_B01	chr3	7.0	20.0	cn_b	gain	2
OV03-04_Bl_B01	chr3	20.0	22.0	cn_b	loss	0
OV03-04_Bl_B01	chr5	6.0	7.0	cn_b	loss	0
OV03-04_Bl_B01	chr6	2.0	5.0	cn_b	loss	1
OV03-04_Bl_B01	chr6	7.0	10.0	cn_b	loss	1
OV03-04_Bl_B01	chr6	11.0	14.0	cn_b	loss	1
OV03-04_Bl_B01	chr11	9.0	10.0	cn_b	loss	0
OV03-04_Bl_B01	chr18	0.0	1.0	cn_b	gain	2
OV03-04_Bl_B01	chr18	5.0	6.0	cn_b	gain	2
OV03-04_Bl_B01	chr19	24.0	28.0	cn_b	loss	1
OV03-04_VV_B02	chr3	20.0	22.0	cn_a	loss	2
OV03-04_VV_B02	chr3	20.0	22.0	cn_a	loss	3
OV03-04_VV_B02	chr5	6.0	7.0	cn_a	loss	3
OV03-04_VV_B02	chr8	7.0	9.0	cn_a	gain	4
OV03-04_VV_B02	chr8	20.0	24.0	cn_a	gain	4
OV03-04_VV_B02	chr11	9.0	10.0	cn_a	loss	2
OV03-04_VV_B02	chr11	9.0	10.0	cn_a	loss	3
OV03-04_VV_B02	chr19	18.0	19.0	cn_a	loss	2
OV03-04_VV_B02	chr19	18.0	24.0	cn_a	loss	3
OV03-04_VV_B02	chr3	4.0	22.0	cn_b	gain	2
OV03-04_VV_B02	chr5	6.0	7.0	cn_b	gain	2
OV03-04_VV_B02	chr6	1.0	2.0	cn_b	loss	0
OV03-04_VV_B02	chr6	5.0	7.0	cn_b	loss	0
OV03-04_VV_B02	chr6	10.0	11.0	cn_b	loss	0
OV03-04_VV_B02	chr6	17.0	18.0	cn_b	gain	2
OV03-04_VV_B02	chr8	16.0	17.0	cn_b	gain	3
OV03-04_VV_B02	chr11	9.0	10.0	cn_b	gain	2
OV03-04_VV_B02	chr18	4.0	5.0	cn_b	gain	2
OV03-04_VV_B02	chr19	16.0	17.0	cn_b	loss	0
OV03-04_VV_B02	chr19	25.0	27.0	cn_b	loss	1
OV03-04_Om_S01	chr3	20.0	22.0	cn_a	loss	2
OV03-04_Om_S01	chr3	20.0	22.0	cn_a	loss	3
OV03-04_Om_S01	chr6	4.0	5.0	cn_a	loss	1
OV03-04_Om_S01	chr6	12.0	13.0	cn_a	loss	1
OV03-04_Om_S01	chr7	4.0	5.0	cn_a	gain	4
OV03-04_Om_S01	chr8	5.0	7.0	cn_a	loss	2
OV03-04_Om_S01	chr10	13.0	14.0	cn_a	gain	2
OV03-04_Om_S01	chr10	18.0	21.0	cn_a	gain	3
OV03-04_Om_S01	chr18	0.0	4.0	cn_a	loss	1
OV03-04_Om_S01	chr18	5.0	6.0	cn_a	loss	1
OV03-04_Om_S01	chr1	31.0	32.0	cn_b	loss	1
OV03-04_Om_S01	chr2	0.0	7.0	cn_b	gain	2
OV03-04_Om_S01	chr3	2.0	8.0	cn_b	loss	1
OV03-04_Om_S01	chr3	9.0	17.0	cn_b	loss	1
OV03-04_Om_S01	chr3	13.0	15.0	cn_b	loss	0
OV03-04_Om_S01	chr3	16.0	17.0	cn_b	loss	0
OV03-04_Om_S01	chr3	20.0	29.0	cn_b	gain	2
OV03-04_Om_S01	chr5	0.0	4.0	cn_b	loss	1
OV03-04_Om_S01	chr6	10.0	20.0	cn_b	loss	1
OV03-04_Om_S01	chr7	5.0	7.0	cn_b	gain	2
OV03-04_Om_S01	chr8	21.0	25.0	cn_b	loss	1
OV03-04_Om_S01	chr10	8.0	9.0	cn_b	gain	2
OV03-04_Om_S01	chr11	12.0	13.0	cn_b	loss	1
OV03-04_Om_S01	chr12	3.0	13.0	cn_b	gain	2
OV03-04_Om_S01	chr14	5.0	6.0	cn_b	loss	1
OV03-04_Om_S01	chr15	0.0	1.0	cn_b	loss	1
OV03-04_Om_S01	chr18	7.0	8.0	cn_b	loss	1
OV03-04_Om_S01	chr19	20.0	25.0	cn_b	gain	2
OV03-04_Om_S01	chr19	30.0	34.0	cn_b	gain	2
internal_4	chr1	31.0	32.0	cn_a	loss	2
internal_4	chr2	16.0	23.0	cn_a	loss	1
internal_4	chr3	2.0	3.0	cn_a	loss	2
internal_4	chr3	16.0	17.0	cn_a	loss	2
internal_4	chr5	0.0	4.0	cn_a	loss	2
internal_4	chr15	0.0	1.0	cn_a	loss	1
internal_4	chr19	25.0	27.0	cn_a	loss	2
internal_4	chr3	3.0	7.0	cn_b	loss	1
internal_4	chr3	10.0	16.0	cn_b	loss	1
internal_4	chr3	20.0	22.0	cn_b	loss	0
internal_4	chr3	22.0	29.0	cn_b	gain	2
internal_4	chr19	18.0	19.0	cn_b	loss	0
internal_4	chr19	19.0	20.0	cn_b	gain	2
OV03-04_Om_S11	chr1	0.0	1.0	cn_a	loss	1
OV03-04_Om_S11	chr1	3.0	4.0	cn_a	loss	1
OV03-04_Om_S11	chr1	45.0	46.0	cn_a	loss	1
OV03-04_Om_S11	chr2	7.0	8.0	cn_a	loss	1
OV03-04_Om_S11	chr2	10.0	16.0	cn_a	loss	1
OV03-04_Om_S11	chr3	33.0	36.0	cn_a	loss	2
OV03-04_Om_S11	chr3	37.0	39.0	cn_a	loss	2
OV03-04_Om_S11	chr6	2.0	3.0	cn_a	gain	2
OV03-04_Om_S11	chr6	10.0	11.0	cn_a	loss	2
OV03-04_Om_S11	chr7	14.0	16.0	cn_a	loss	1
OV03-04_Om_S11	chr11	11.0	15.0	cn_a	loss	1
OV03-04_Om_S11	chr11	12.0	13.0	cn_a	loss	1
OV03-04_Om_S11	chr11	19.0	21.0	cn_a	loss	1
OV03-04_Om_S11	chr11	24.0	25.0	cn_a	loss	1
OV03-04_Om_S11	chr11	26.0	27.0	cn_a	loss	1
OV03-04_Om_S11	chr17	1.0	2.0	cn_a	loss	0
OV03-04_Om_S11	chr17	1.0	2.0	cn_a	loss	1
OV03-04_Om_S11	chr18	0.0	8.0	cn_a	loss	1
OV03-04_Om_S11	chr19	25.0	28.0	cn_a	gain	3
OV03-04_Om_S11	chr2	2.0	4.0	cn_b	gain	2
OV03-04_Om_S11	chr3	0.0	1.0	cn_b	gain	2
OV03-04_Om_S11	chr3	13.0	18.0	cn_b	loss	0
OV03-04_Om_S11	chr5	0.0	6.0	cn_b	loss	1
OV03-04_Om_S11	chr6	11.0	20.0	cn_b	loss	1
OV03-04_Om_S11	chr7	6.0	7.0	cn_b	gain	2
OV03-04_Om_S11	chr8	14.0	15.0	cn_b	loss	1
OV03-04_Om_S11	chr8	17.0	25.0	cn_b	loss	1
OV03-04_Om_S11	chr12	3.0	12.0	cn_b	gain	2
OV03-04_Om_S11	chr14	5.0	6.0	cn_b	loss	0
OV03-04_Om_S11	chr19	2.0	5.0	cn_b	loss	1
OV03-04_Om_S11	chr19	22.0	25.0	cn_b	gain	2
OV03-04_Om_S13	chr2	14.0	15.0	cn_a	gain	3
OV03-04_Om_S13	chr3	13.0	14.0	cn_a	loss	2
OV03-04_Om_S13	chr5	6.0	8.0	cn_a	gain	4
OV03-04_Om_S13	chr6	18.0	19.0	cn_a	gain	4
OV03-04_Om_S13	chr7	6.0	7.0	cn_a	loss	1
OV03-04_Om_S13	chr7	11.0	15.0	cn_a	loss	1
OV03-04_Om_S13	chr8	0.0	4.0	cn_a	loss	2
OV03-04_Om_S13	chr9	8.0	9.0	cn_a	gain	3
OV03-04_Om_S13	chr11	2.0	3.0	cn_a	loss	1
OV03-04_Om_S13	chr13	7.0	8.0	cn_a	gain	4
OV03-04_Om_S13	chr17	3.0	4.0	cn_a	loss	2
OV03-04_Om_S13	chr18	7.0	8.0	cn_a	gain	3
OV03-04_Om_S13	chr19	34.0	36.0	cn_a	loss	3
OV03-04_Om_S13	chr20	0.0	2.0	cn_a	loss	1
OV03-04_Om_S13	chr20	7.0	8.0	cn_a	loss	1
OV03-04_Om_S13	chr21	3.0	4.0	cn_a	gain	2
OV03-04_Om_S13	chr2	14.0	15.0	cn_b	loss	0
OV03-04_Om_S13	chr3	14.0	19.0	cn_b	loss	1
OV03-04_Om_S13	chr6	10.0	18.0	cn_b	loss	0
OV03-04_Om_S13	chr11	12.0	13.0	cn_b	loss	0
OV03-04_Om_S13	chr13	0.0	1.0	cn_b	gain	2
OV03-04_Om_S13	chr13	8.0	9.0	cn_b	gain	2
OV03-04_Om_S13	chr18	7.0	8.0	cn_b	loss	0
OV03-04_Om_S13	chr19	21.0	27.0	cn_b	gain	2
OV03-04_Om_S08	chr1	32.0	45.0	cn_a	gain	2
OV03-04_Om_S08	chr3	2.0	3.0	cn_a	loss	2
OV03-04_Om_S08	chr3	29.0	30.0	cn_a	gain	4
OV03-04_Om_S08	chr3	36.0	38.0	cn_a	gain	3
OV03-04_Om_S08	chr3	39.0	40.0	cn_a	gain	3
OV03-04_Om_S08	chr6	1.0	2.0	cn_a	loss	1
OV03-04_Om_S08	chr6	5.0	7.0	cn_a	loss	2
OV03-04_Om_S08	chr9	3.0	4.0	cn_a	gain	4
OV03-04_Om_S08	chr14	4.0	5.0	cn_a	loss	2
OV03-04_Om_S08	chr3	10.0	30.0	cn_b	loss	0
OV03-04_Om_S08	chr7	7.0	10.0	cn_b	loss	1
OV03-04_Om_S08	chr11	12.0	13.0	cn_b	loss	0
OV03-04_Om_S08	chr12	0.0	3.0	cn_b	loss	1
OV03-04_Om_S08	chr19	2.0	5.0	cn_b	loss	1
OV03-04_Om_S08	chr19	19.0	20.0	cn_b	gain	2
OV03-04_Om_S08	chr19	22.0	25.0	cn_b	gain	2
OV03-04_Om_S12	chr1	0.0	1.0	cn_a	loss	1
OV03-04_Om_S12	chr1	2.0	11.0	cn_a	loss	1
OV03-04_Om_S12	chr2	11.0	20.0	cn_a	loss	1
OV03-04_Om_S12	chr2	21.0	22.0	cn_a	loss	1
OV03-04_Om_S12	chr3	29.0	30.0	cn_a	loss	2
OV03-04_Om_S12	chr5	0.0	3.0	cn_a	gain	4
OV03-04_Om_S12	chr6	5.0	7.0	cn_a	gain	4
OV03-04_Om_S12	chr9	0.0	5.0	cn_a	gain	4
OV03-04_Om_S12	chr10	10.0	11.0	cn_a	gain	4
OV03-04_Om_S12	chr11	12.0	13.0	cn_a	loss	2
OV03-04_Om_S12	chr12	4.0	14.0	cn_a	gain	3
OV03-04_Om_S12	chr17	2.0	4.0	cn_a	gain	3
OV03-04_Om_S12	chr18	7.0	8.0	cn_a	loss	2
OV03-04_Om_S12	chr19	1.0	2.0	cn_a	gain	4
OV03-04_Om_S12	chr19	34.0	36.0	cn_a	loss	2
OV03-04_Om_S12	chr21	3.0	4.0	cn_a	loss	1
OV03-04_Om_S12	chr3	2.0	3.0	cn_b	loss	0
OV03-04_Om_S12	chr3	7.0	29.0	cn_b	loss	1
OV03-04_Om_S12	chr6	4.0	10.0	cn_b	gain	2
OV03-04_Om_S12	chr6	5.0	7.0	cn_b	loss	0
OV03-04_Om_S12	chr10	1.0	12.0	cn_b	gain	2
OV03-04_Om_S12	chr12	15.0	20.0	cn_b	gain	2
OV03-04_Om_S12	chr18	0.0	7.0	cn_b	loss	0
OV03-04_Om_S12	chr19	16.0	17.0	cn_b	loss	0
OV03-04_Om_S12	chr19	17.0	27.0	cn_b	gain	2
OV03-04_Om_S12	chr19	30.0	36.0	cn_b	gain	2
OV03-04_Om_S04	chr2	14.0	15.0	cn_a	gain	2
OV03-04_Om_S04	chr6	1.0	2.0	cn_a	gain	2
OV03-04_Om_S04	chr11	9.0	10.0	cn_a	gain	2
OV03-04_Om_S04	chr12	20.0	21.0	cn_a	loss	1
OV03-04_Om_S04	chr17	3.0	4.0	cn_a	gain	2
OV03-04_Om_S04	chr19	17.0	22.0	cn_a	loss	2
OV03-04_Om_S04	chr19	24.0	25.0	cn_a	loss	2
OV03-04_Om_S04	chr19	24.0	30.0	cn_a	loss	3
OV03-04_Om_S04	chr2	9.0	10.0	cn_b	loss	0
OV03-04_Om_S04	chr2	14.0	15.0	cn_b	loss	0
OV03-04_Om_S04	chr6	0.0	2.0	cn_b	loss	0
OV03-04_Om_S04	chr6	10.0	11.0	cn_b	loss	0
OV03-04_Om_S04	chr11	9.0	10.0	cn_b	loss	0
OV03-04_Om_S04	chr18	9.0	10.0	cn_b	loss	0
OV03-04_Om_S14	chr3	24.0	25.0	cn_a	gain	2
OV03-04_Om_S14	chr4	1.0	2.0	cn_a	gain	2
OV03-04_Om_S14	chr5	1.0	2.0	cn_a	gain	2
OV03-04_Om_S14	chr6	10.0	11.0	cn_a	loss	1
OV03-04_Om_S14	chr8	11.0	13.0	cn_a	gain	2
OV03-04_Om_S14	chr8	15.0	17.0	cn_a	gain	2
OV03-04_Om_S14	chr17	2.0	6.0	cn_a	gain	2
OV03-04_Om_S14	chr19	1.0	5.0	cn_a	gain	3
OV03-04_Om_S14	chr19	15.0	16.0	cn_a	gain	4
OV03-04_Om_S14	chr19	23.0	27.0	cn_a	loss	3
OV03-04_Om_S14	chr12	20.0	21.0	cn_b	loss	0
OV03-04_Om_S14	chr19	1.0	2.0	cn_b	loss	0
OV03-04_Om_S14	chr19	18.0	19.0	cn_b	loss	0
OV03-04_Om_S14	chr21	3.0	4.0	cn_b	loss	0
